,row,model_num,ic value,Evidence,d(ic value)
1610,536,3,362.7156618191384,Substantial support,0.0
1607,535,3,362.7156618191384,Substantial support,0.0
1604,534,3,363.23979495203884,Substantial support,0.5241331329004311
1601,533,3,363.23979495203884,Substantial support,0.5241331329004311
1598,532,3,366.8591818915672,Weak support,4.143520072428771
1580,526,3,370.6669156097585,Weak support,7.951253790620115
1583,527,3,370.6669156097585,Weak support,7.951253790620115
1589,529,3,370.6669156097585,Weak support,7.951253790620115
1592,530,3,370.6669156097585,Weak support,7.951253790620115
1595,531,3,370.6669156097585,Weak support,7.951253790620115
1586,528,3,370.6669156097585,Weak support,7.951253790620115
1577,525,3,371.7368477077324,Weak support,9.021185888594005
1562,520,3,371.7741833538225,Weak support,9.058521534684076
1574,524,3,371.7741833538225,Weak support,9.058521534684076
1568,522,3,371.7741833538225,Weak support,9.058521534684076
1571,523,3,371.7741833538225,Weak support,9.058521534684076
1565,521,3,371.7741833538225,Weak support,9.058521534684076
1559,519,3,371.85712536804544,Weak support,9.14146354890704
1553,517,3,374.69138951748835,No support,11.975727698349942
1541,513,3,374.69138951748835,No support,11.975727698349942
1556,518,3,374.69138951748835,No support,11.975727698349942
1550,516,3,374.69138951748835,No support,11.975727698349942
1544,514,3,374.69138951748835,No support,11.975727698349942
1547,515,3,374.69138951748835,No support,11.975727698349942
1538,512,3,374.7379762711694,No support,12.022314452030969
1535,511,3,374.7379762711694,No support,12.022314452030969
1532,510,3,374.7379762711694,No support,12.022314452030969
1529,509,3,374.7379762711694,No support,12.022314452030969
1526,508,3,376.2224559876287,No support,13.506794168490273
1523,507,3,376.2885372030264,No support,13.572875383888004
1517,505,3,376.2885372030264,No support,13.572875383888004
1520,506,3,376.2885372030264,No support,13.572875383888004
1514,504,3,376.2885372030264,No support,13.572875383888004
1511,503,3,376.2885372030264,No support,13.572875383888004
1508,502,3,376.2885372030264,No support,13.572875383888004
1505,501,3,376.46507949127306,No support,13.749417672134655
1499,499,3,388.0629425054501,No support,25.347280686311706
1502,500,3,388.0629425054501,No support,25.347280686311706
1496,498,3,394.23716743952184,No support,31.521505620383437
1487,495,3,395.6266579025086,No support,32.91099608337021
1490,496,3,395.6266579025086,No support,32.91099608337021
1493,497,3,395.6266579025086,No support,32.91099608337021
1469,489,3,396.58110176924885,No support,33.86543995011044
1466,488,3,396.58110176924885,No support,33.86543995011044
1481,493,3,396.58110176924885,No support,33.86543995011044
1484,494,3,396.58110176924885,No support,33.86543995011044
1472,490,3,396.58110176924885,No support,33.86543995011044
1478,492,3,396.58110176924885,No support,33.86543995011044
1475,491,3,396.58110176924885,No support,33.86543995011044
1463,487,3,398.3730689292666,No support,35.65740711012819
1460,486,3,398.3730689292666,No support,35.65740711012819
1457,485,3,398.3730689292666,No support,35.65740711012819
1454,484,3,398.3730689292666,No support,35.65740711012819
1451,483,3,399.0258426412155,No support,36.310180822077086
1448,482,3,404.3192059316222,No support,41.6035441124838
1445,481,3,404.3192059316222,No support,41.6035441124838
1442,480,3,404.3192059316222,No support,41.6035441124838
1439,479,3,405.54286853867563,No support,42.82720671953723
1436,478,3,405.54286853867563,No support,42.82720671953723
1433,477,3,405.54286853867563,No support,42.82720671953723
1424,474,3,408.2783632666561,No support,45.56270144751767
1427,475,3,408.2783632666561,No support,45.56270144751767
1430,476,3,408.2783632666561,No support,45.56270144751767
1421,473,3,409.769601741978,No support,47.05393992283962
1418,472,3,409.769601741978,No support,47.05393992283962
1415,471,3,419.5310302521433,No support,56.81536843300489
1409,469,3,420.14376034896117,No support,57.42809852982276
1412,470,3,420.14376034896117,No support,57.42809852982276
1400,466,3,420.21838547922897,No support,57.50272366009057
1406,468,3,420.21838547922897,No support,57.50272366009057
1403,467,3,420.21838547922897,No support,57.50272366009057
1397,465,3,422.48720830000406,No support,59.77154648086565
1394,464,3,424.521945461269,No support,61.80628364213061
1391,463,3,425.93155545661654,No support,63.21589363747813
1388,462,3,425.93155545661654,No support,63.21589363747813
1385,461,3,426.2041760081645,No support,63.48851418902609
1379,459,3,426.52487184434676,No support,63.80921002520836
1382,460,3,426.52487184434676,No support,63.80921002520836
1370,456,3,426.80256766146965,No support,64.08690584233125
1373,457,3,426.80256766146965,No support,64.08690584233125
1376,458,3,426.80256766146965,No support,64.08690584233125
1364,454,3,427.49298892295707,No support,64.77732710381866
1367,455,3,427.49298892295707,No support,64.77732710381866
1361,453,3,435.8410153197164,No support,73.125353500578
1358,452,3,451.22233225110205,No support,88.50667043196364
1355,451,3,451.7681758203814,No support,89.05251400124297
1352,450,3,452.03577316555214,No support,89.32011134641374
1349,449,3,452.03577316555214,No support,89.32011134641374
1343,447,3,452.03577316555214,No support,89.32011134641374
1346,448,3,452.03577316555214,No support,89.32011134641374
1340,446,3,452.62590174331604,No support,89.91023992417763
1337,445,3,452.62590174331604,No support,89.91023992417763
1331,443,3,452.63463955184255,No support,89.91897773270415
1334,444,3,452.63463955184255,No support,89.91897773270415
1328,442,3,461.2356053454293,No support,98.51994352629089
1322,440,3,461.2356053454293,No support,98.51994352629089
1325,441,3,461.2356053454293,No support,98.51994352629089
1316,438,3,461.5771972337693,No support,98.86153541463091
1319,439,3,461.5771972337693,No support,98.86153541463091
1313,437,3,469.5162521320505,No support,106.8005903129121
1310,436,3,471.4845630466053,No support,108.76890122746687
1307,435,3,481.8786838384448,No support,119.16302201930637
1304,434,3,485.3819710856327,No support,122.6663092664943
1301,433,3,487.4248591594437,No support,124.70919734030531
1298,432,3,487.4248591594437,No support,124.70919734030531
1295,431,3,500.8677608585423,No support,138.15209903940388
1286,428,3,500.89588060289344,No support,138.18021878375504
1292,430,3,500.89588060289344,No support,138.18021878375504
1289,429,3,500.89588060289344,No support,138.18021878375504
1280,426,3,501.26300479724586,No support,138.54734297810745
1283,427,3,501.26300479724586,No support,138.54734297810745
1274,424,3,520.3314918098949,No support,157.61582999075654
1277,425,3,520.3314918098949,No support,157.61582999075654
1271,423,3,526.3275387887018,No support,163.61187696956335
1265,421,3,529.3032151350033,No support,166.58755331586485
1268,422,3,529.3032151350033,No support,166.58755331586485
1262,420,3,532.4605905241492,No support,169.7449287050108
1250,416,3,533.4817181646168,No support,170.76605634547843
1256,418,3,533.4817181646168,No support,170.76605634547843
1253,417,3,533.4817181646168,No support,170.76605634547843
1259,419,3,533.4817181646168,No support,170.76605634547843
1241,413,3,537.7377972669681,No support,175.02213544782967
1244,414,3,537.7377972669681,No support,175.02213544782967
1238,412,3,537.7377972669681,No support,175.02213544782967
1235,411,3,537.7377972669681,No support,175.02213544782967
1247,415,3,537.7377972669681,No support,175.02213544782967
1229,409,3,537.9677269554985,No support,175.2520651363601
1223,407,3,537.9677269554985,No support,175.2520651363601
1220,406,3,537.9677269554985,No support,175.2520651363601
1226,408,3,537.9677269554985,No support,175.2520651363601
1232,410,3,537.9677269554985,No support,175.2520651363601
1217,405,3,538.6069968448548,No support,175.89133502571644
1214,404,3,543.0854821869416,No support,180.3698203678032
1208,402,3,543.0854821869416,No support,180.3698203678032
1211,403,3,543.0854821869416,No support,180.3698203678032
1205,401,3,546.4205727970655,No support,183.70491097792706
1202,400,3,549.0659251247639,No support,186.3502633056255
1199,399,3,549.0659251247639,No support,186.3502633056255
1196,398,3,549.0659251247639,No support,186.3502633056255
1193,397,3,549.0659251247639,No support,186.3502633056255
1190,396,3,549.0659251247639,No support,186.3502633056255
1187,395,3,549.0659251247639,No support,186.3502633056255
1184,394,3,549.3482249051889,No support,186.63256308605048
1181,393,3,550.7410078271574,No support,188.02534600801903
1178,392,3,550.7410078271574,No support,188.02534600801903
1172,390,3,551.37914563458,No support,188.66348381544162
1169,389,3,551.37914563458,No support,188.66348381544162
1175,391,3,551.5252206126557,No support,188.80955879351734
1157,385,3,554.4015178602515,No support,191.68585604111308
1160,386,3,554.4015178602515,No support,191.68585604111308
1166,388,3,554.4015178602515,No support,191.68585604111308
1163,387,3,554.4015178602515,No support,191.68585604111308
1154,384,3,571.4962027014885,No support,208.78054088235012
1118,372,3,571.8129044738142,No support,209.09724265467582
1151,383,3,571.8129044738142,No support,209.09724265467582
1148,382,3,571.8129044738142,No support,209.09724265467582
1145,381,3,571.8129044738142,No support,209.09724265467582
1142,380,3,571.8129044738142,No support,209.09724265467582
1139,379,3,571.8129044738142,No support,209.09724265467582
1136,378,3,571.8129044738142,No support,209.09724265467582
1133,377,3,571.8129044738142,No support,209.09724265467582
1130,376,3,571.8129044738142,No support,209.09724265467582
1127,375,3,571.8129044738142,No support,209.09724265467582
1124,374,3,571.8129044738142,No support,209.09724265467582
1121,373,3,571.8129044738142,No support,209.09724265467582
1115,371,3,574.4839365490302,No support,211.7682747298918
1109,369,3,583.966717560926,No support,221.25105574178758
1112,370,3,583.966717560926,No support,221.25105574178758
1106,368,3,585.0489662021721,No support,222.3333043830337
1103,367,3,591.6801695768596,No support,228.9645077577212
1100,366,3,591.6801695768596,No support,228.9645077577212
1097,365,3,594.8573525997597,No support,232.14169078062127
1085,361,3,600.2069945846721,No support,237.49133276553368
1088,362,3,600.2069945846721,No support,237.49133276553368
1091,363,3,600.2299581861009,No support,237.51429636696253
1094,364,3,600.2299581861009,No support,237.51429636696253
1082,360,3,605.3700716447547,No support,242.6544098256163
1079,359,3,614.456522709425,No support,251.74086089028663
1076,358,3,614.456522709425,No support,251.74086089028663
1073,357,3,614.456522709425,No support,251.74086089028663
1070,356,3,614.456522709425,No support,251.74086089028663
1067,355,3,614.9663028178412,No support,252.2506409987028
1064,354,3,617.5906752185502,No support,254.87501339941184
1061,353,3,633.0329307165434,No support,270.31726889740503
1058,352,3,634.6569315021088,No support,271.9412696829704
1046,348,3,641.7195278830194,No support,279.003866063881
1043,347,3,641.7195278830194,No support,279.003866063881
1052,350,3,641.7195278830194,No support,279.003866063881
1055,351,3,641.7195278830194,No support,279.003866063881
1049,349,3,641.7195278830194,No support,279.003866063881
1040,346,3,641.8019286238946,No support,279.0862668047562
1025,341,3,650.7951058914826,No support,288.07944407234424
1028,342,3,650.7951058914826,No support,288.07944407234424
1031,343,3,650.7951058914826,No support,288.07944407234424
1034,344,3,650.7951058914826,No support,288.07944407234424
1037,345,3,650.7951058914826,No support,288.07944407234424
1022,340,3,652.3342595957554,No support,289.618597776617
1019,339,3,661.2409171518113,No support,298.52525533267294
1007,335,3,673.168330939953,No support,310.45266912081456
1013,337,3,673.168330939953,No support,310.45266912081456
1016,338,3,673.168330939953,No support,310.45266912081456
1010,336,3,673.168330939953,No support,310.45266912081456
1004,334,3,675.3733798835934,No support,312.657718064455
998,332,3,676.788838067223,No support,314.07317624808456
995,331,3,676.788838067223,No support,314.07317624808456
1001,333,3,676.788838067223,No support,314.07317624808456
992,330,3,680.7913423081432,No support,318.07568048900475
989,329,3,684.1191255078205,No support,321.4034636886821
986,328,3,684.1191255078205,No support,321.4034636886821
980,326,3,684.1353908150422,No support,321.4197289959038
983,327,3,684.1353908150422,No support,321.4197289959038
977,325,3,684.1353908150422,No support,321.4197289959038
974,324,3,691.4052537437271,No support,328.68959192458874
971,323,3,694.3184798556897,No support,331.6028180365513
968,322,3,702.1780307426949,No support,339.4623689235565
965,321,3,704.7903819648742,No support,342.0747201457358
962,320,3,704.7903819648742,No support,342.0747201457358
959,319,3,705.6267461366097,No support,342.91108431747125
956,318,3,705.6583462610836,No support,342.9426844419452
953,317,3,705.6583462610836,No support,342.9426844419452
950,316,3,705.6583462610836,No support,342.9426844419452
947,315,3,711.1949411441605,No support,348.47927932502205
944,314,3,712.9514509269318,No support,350.2357891077934
941,313,3,728.4178393719455,No support,365.70217755280714
938,312,3,741.496454730725,No support,378.78079291158656
935,311,3,741.496454730725,No support,378.78079291158656
932,310,3,741.496454730725,No support,378.78079291158656
929,309,3,741.496454730725,No support,378.78079291158656
926,308,3,741.496454730725,No support,378.78079291158656
923,307,3,752.5809266784352,No support,389.86526485929676
920,306,3,753.4011433464744,No support,390.68548152733604
917,305,3,753.4011433464744,No support,390.68548152733604
914,304,3,753.5391355894195,No support,390.8234737702811
911,303,3,753.5391355894195,No support,390.8234737702811
908,302,3,756.9936382921207,No support,394.27797647298235
884,294,3,756.9936382921207,No support,394.27797647298235
887,295,3,756.9936382921207,No support,394.27797647298235
890,296,3,756.9936382921207,No support,394.27797647298235
881,293,3,756.9936382921207,No support,394.27797647298235
896,298,3,756.9936382921207,No support,394.27797647298235
899,299,3,756.9936382921207,No support,394.27797647298235
902,300,3,756.9936382921207,No support,394.27797647298235
905,301,3,756.9936382921207,No support,394.27797647298235
893,297,3,756.9936382921207,No support,394.27797647298235
878,292,3,759.6633917546817,No support,396.9477299355433
875,291,3,767.838128417449,No support,405.12246659831055
872,290,3,767.838128417449,No support,405.12246659831055
869,289,3,767.838128417449,No support,405.12246659831055
866,288,3,767.838128417449,No support,405.12246659831055
863,287,3,767.838128417449,No support,405.12246659831055
848,282,3,772.4774243749051,No support,409.7617625557667
851,283,3,772.4774243749051,No support,409.7617625557667
860,286,3,772.4774243749051,No support,409.7617625557667
857,285,3,772.4774243749051,No support,409.7617625557667
854,284,3,772.4774243749051,No support,409.7617625557667
845,281,3,774.661734931789,No support,411.94607311265065
842,280,3,774.661734931789,No support,411.94607311265065
839,279,3,774.661734931789,No support,411.94607311265065
836,278,3,774.661734931789,No support,411.94607311265065
833,277,3,774.661734931789,No support,411.94607311265065
830,276,3,784.9650997480609,No support,422.2494379289225
827,275,3,784.9650997480609,No support,422.2494379289225
824,274,3,784.9650997480609,No support,422.2494379289225
821,273,3,784.9650997480609,No support,422.2494379289225
818,272,3,784.9650997480609,No support,422.2494379289225
815,271,3,784.9650997480609,No support,422.2494379289225
812,270,3,784.9650997480609,No support,422.2494379289225
809,269,3,786.5215629392289,No support,423.80590112009054
800,266,3,790.3872021400956,No support,427.6715403209572
797,265,3,790.3872021400956,No support,427.6715403209572
806,268,3,790.3872021400956,No support,427.6715403209572
803,267,3,790.3872021400956,No support,427.6715403209572
794,264,3,792.1609036914303,No support,429.44524187229194
791,263,3,792.1609036914303,No support,429.44524187229194
788,262,3,793.2997443980228,No support,430.58408257888436
785,261,3,797.0765657919737,No support,434.36090397283533
782,260,3,805.2962271446045,No support,442.58056532546607
764,254,3,805.7573099173234,No support,443.04164809818496
767,255,3,805.7573099173234,No support,443.04164809818496
773,257,3,805.7573099173234,No support,443.04164809818496
776,258,3,805.7573099173234,No support,443.04164809818496
779,259,3,805.7573099173234,No support,443.04164809818496
770,256,3,805.7573099173234,No support,443.04164809818496
761,253,3,805.8547823716588,No support,443.13912055252035
758,252,3,805.8547823716588,No support,443.13912055252035
755,251,3,805.8547823716588,No support,443.13912055252035
752,250,3,805.8547823716588,No support,443.13912055252035
746,248,3,805.8547823716588,No support,443.13912055252035
749,249,3,805.8547823716588,No support,443.13912055252035
743,247,3,807.1170689833252,No support,444.4014071641868
737,245,3,807.1170689833252,No support,444.4014071641868
740,246,3,807.1170689833252,No support,444.4014071641868
734,244,3,807.1170689833252,No support,444.4014071641868
728,242,3,809.2071745222232,No support,446.4915127030848
731,243,3,809.2071745222232,No support,446.4915127030848
725,241,3,817.2382876309965,No support,454.5226258118581
722,240,3,817.2382876309965,No support,454.5226258118581
719,239,3,817.2382876309965,No support,454.5226258118581
716,238,3,817.2382876309965,No support,454.5226258118581
713,237,3,818.7051465040013,No support,455.9894846848629
710,236,3,826.4284634487923,No support,463.7128016296539
707,235,3,830.6717099275426,No support,467.95604810840416
701,233,3,832.0798784703924,No support,469.36421665125397
698,232,3,832.0798784703924,No support,469.36421665125397
704,234,3,832.0798784703924,No support,469.36421665125397
695,231,3,838.6129478042902,No support,475.8972859851518
692,230,3,844.22060737807,No support,481.5049455589316
689,229,3,851.4724686204831,No support,488.75680680134474
686,228,3,851.4956510771623,No support,488.7799892580239
680,226,3,851.4956510771623,No support,488.7799892580239
683,227,3,851.4956510771623,No support,488.7799892580239
677,225,3,853.6876775541248,No support,490.97201573498637
668,222,3,853.9768370833309,No support,491.2611752641925
665,221,3,853.9768370833309,No support,491.2611752641925
674,224,3,853.9768370833309,No support,491.2611752641925
671,223,3,853.9768370833309,No support,491.2611752641925
653,217,3,856.0928766754982,No support,493.37721485635984
659,219,3,856.0928766754982,No support,493.37721485635984
662,220,3,856.0928766754982,No support,493.37721485635984
656,218,3,856.0928766754982,No support,493.37721485635984
650,216,3,857.3915401767733,No support,494.67587835763493
647,215,3,857.3915401767733,No support,494.67587835763493
644,214,3,857.3915401767733,No support,494.67587835763493
641,213,3,857.5227593657202,No support,494.80709754658176
638,212,3,859.6265025993148,No support,496.9108407801764
635,211,3,860.286132042195,No support,497.57047022305665
632,210,3,863.0230349497527,No support,500.30737313061434
1606,535,2,867.1467110875501,No support,504.4310492684117
1609,536,2,867.1467110875501,No support,504.4310492684117
1603,534,2,867.1467110875501,No support,504.4310492684117
1600,533,2,867.3033789103562,No support,504.58771709121777
1594,531,2,867.3033789103562,No support,504.58771709121777
1597,532,2,867.3033789103562,No support,504.58771709121777
1591,530,2,868.1207656296284,No support,505.40510381049
1588,529,2,868.1207656296284,No support,505.40510381049
1585,528,2,869.0647112067246,No support,506.3490493875862
1582,527,2,870.2840727829961,No support,507.5684109638577
1573,524,2,870.2986132008471,No support,507.58295138170865
1576,525,2,870.2986132008471,No support,507.58295138170865
1579,526,2,870.2986132008471,No support,507.58295138170865
1570,523,2,870.3622314068565,No support,507.6465695877181
1567,522,2,870.3622314068565,No support,507.6465695877181
1564,521,2,870.3723543806434,No support,507.656692561505
1555,518,2,870.3723543806434,No support,507.656692561505
1558,519,2,870.3723543806434,No support,507.656692561505
1561,520,2,870.3723543806434,No support,507.656692561505
1552,517,2,870.7442553767246,No support,508.0285935575862
629,209,3,872.7715333396235,No support,510.0558715204851
1546,515,2,873.3810256405451,No support,510.6653638214067
1537,512,2,873.3810256405451,No support,510.6653638214067
1549,516,2,873.3810256405451,No support,510.6653638214067
1543,514,2,873.3810256405451,No support,510.6653638214067
1540,513,2,873.3810256405451,No support,510.6653638214067
1534,511,2,874.1447526451634,No support,511.429090826025
1531,510,2,874.289671625281,No support,511.5740098061426
1528,509,2,874.289671625281,No support,511.5740098061426
1525,508,2,874.289671625281,No support,511.5740098061426
1522,507,2,874.289671625281,No support,511.5740098061426
1519,506,2,874.9204183213488,No support,512.2047565022104
1513,504,2,874.9204183213488,No support,512.2047565022104
1516,505,2,874.9204183213488,No support,512.2047565022104
1507,502,2,876.1705976736487,No support,513.4549358545103
1510,503,2,876.1705976736487,No support,513.4549358545103
1501,500,2,876.1705976736487,No support,513.4549358545103
1504,501,2,876.1705976736487,No support,513.4549358545103
1498,499,2,880.0999274420909,No support,517.3842656229525
1495,498,2,880.0999274420909,No support,517.3842656229525
1492,497,2,880.0999274420909,No support,517.3842656229525
1486,495,2,880.2075078244433,No support,517.4918460053049
1489,496,2,880.2075078244433,No support,517.4918460053049
1483,494,2,880.2075078244433,No support,517.4918460053049
1480,493,2,880.5152446164841,No support,517.7995827973457
1474,491,2,883.5024854909877,No support,520.7868236718493
1477,492,2,883.5024854909877,No support,520.7868236718493
1471,490,2,883.756368168167,No support,521.0407063490286
1468,489,2,884.7459294787901,No support,522.0302676596517
1462,487,2,884.972715852329,No support,522.2570540331906
1465,488,2,884.972715852329,No support,522.2570540331906
1450,483,2,885.1902995415628,No support,522.4746377224244
1435,478,2,885.1902995415628,No support,522.4746377224244
1438,479,2,885.1902995415628,No support,522.4746377224244
1447,482,2,885.1902995415628,No support,522.4746377224244
1459,486,2,885.1902995415628,No support,522.4746377224244
1441,480,2,885.1902995415628,No support,522.4746377224244
1453,484,2,885.1902995415628,No support,522.4746377224244
1456,485,2,885.1902995415628,No support,522.4746377224244
1444,481,2,885.1902995415628,No support,522.4746377224244
1429,476,2,885.1902995415628,No support,522.4746377224244
1432,477,2,885.1902995415628,No support,522.4746377224244
623,207,3,885.3382428731162,No support,522.6225810539778
626,208,3,885.3382428731162,No support,522.6225810539778
617,205,3,885.3382428731162,No support,522.6225810539778
620,206,3,885.3382428731162,No support,522.6225810539778
1414,471,2,885.5402397060199,No support,522.8245778868815
1417,472,2,885.5402397060199,No support,522.8245778868815
1420,473,2,885.5402397060199,No support,522.8245778868815
1423,474,2,885.5402397060199,No support,522.8245778868815
1426,475,2,885.5402397060199,No support,522.8245778868815
1411,470,2,885.5402397060199,No support,522.8245778868815
614,204,3,887.0736365628754,No support,524.357974743737
1405,468,2,889.8185871277353,No support,527.1029253085969
1408,469,2,889.8185871277353,No support,527.1029253085969
1393,464,2,892.8618399455655,No support,530.1461781264271
1399,466,2,892.8618399455655,No support,530.1461781264271
1390,463,2,892.8618399455655,No support,530.1461781264271
1396,465,2,892.8618399455655,No support,530.1461781264271
1402,467,2,892.8618399455655,No support,530.1461781264271
1381,460,2,893.4312556100751,No support,530.7155937909367
1384,461,2,893.4312556100751,No support,530.7155937909367
1387,462,2,893.4312556100751,No support,530.7155937909367
1348,449,2,893.4524350612687,No support,530.7367732421303
1363,454,2,893.4524350612687,No support,530.7367732421303
1351,450,2,893.4524350612687,No support,530.7367732421303
1357,452,2,893.4524350612687,No support,530.7367732421303
1360,453,2,893.4524350612687,No support,530.7367732421303
1354,451,2,893.4524350612687,No support,530.7367732421303
1366,455,2,893.4528386135092,No support,530.7371767943708
1369,456,2,893.4528386135092,No support,530.7371767943708
1372,457,2,893.4528386135092,No support,530.7371767943708
1375,458,2,893.4528386135092,No support,530.7371767943708
1378,459,2,893.4528386135092,No support,530.7371767943708
1339,446,2,893.8398827029952,No support,531.1242208838568
1345,448,2,893.8398827029952,No support,531.1242208838568
1342,447,2,893.8398827029952,No support,531.1242208838568
1327,442,2,894.3107132068207,No support,531.5950513876822
1336,445,2,894.3107132068207,No support,531.5950513876822
1330,443,2,894.3107132068207,No support,531.5950513876822
1333,444,2,894.3107132068207,No support,531.5950513876822
1324,441,2,896.1072133902798,No support,533.3915515711413
1318,439,2,896.1072133902798,No support,533.3915515711413
1321,440,2,896.1072133902798,No support,533.3915515711413
1303,434,2,896.2726495681896,No support,533.5569877490512
1276,425,2,896.2726495681896,No support,533.5569877490512
1300,433,2,896.2726495681896,No support,533.5569877490512
1279,426,2,896.2726495681896,No support,533.5569877490512
1315,438,2,896.2726495681896,No support,533.5569877490512
1282,427,2,896.2726495681896,No support,533.5569877490512
1297,432,2,896.2726495681896,No support,533.5569877490512
1291,430,2,896.2726495681896,No support,533.5569877490512
1285,428,2,896.2726495681896,No support,533.5569877490512
1312,437,2,896.2726495681896,No support,533.5569877490512
1309,436,2,896.2726495681896,No support,533.5569877490512
1288,429,2,896.2726495681896,No support,533.5569877490512
1294,431,2,896.2726495681896,No support,533.5569877490512
1306,435,2,896.2726495681896,No support,533.5569877490512
1261,420,2,896.8563275402392,No support,534.1406657211008
1267,422,2,896.8563275402392,No support,534.1406657211008
1264,421,2,896.8563275402392,No support,534.1406657211008
1258,419,2,896.8563275402392,No support,534.1406657211008
1273,424,2,896.8563275402392,No support,534.1406657211008
1270,423,2,896.8563275402392,No support,534.1406657211008
1252,417,2,898.3043492717253,No support,535.5886874525869
1255,418,2,898.3043492717253,No support,535.5886874525869
1246,415,2,898.3043492717253,No support,535.5886874525869
1249,416,2,898.3043492717253,No support,535.5886874525869
605,201,3,900.293308418247,No support,537.5776465991086
608,202,3,900.293308418247,No support,537.5776465991086
611,203,3,900.293308418247,No support,537.5776465991086
1243,414,2,900.7503920484218,No support,538.0347302292834
1240,413,2,901.0553484550051,No support,538.3396866358667
1237,412,2,901.1275260109852,No support,538.4118641918468
1231,410,2,901.1275260109852,No support,538.4118641918468
1234,411,2,901.1275260109852,No support,538.4118641918468
1228,409,2,901.365297624291,No support,538.6496358051526
1225,408,2,901.365297624291,No support,538.6496358051526
1222,407,2,901.365297624291,No support,538.6496358051526
1213,404,2,903.3706716450233,No support,540.6550098258849
1216,405,2,903.3706716450233,No support,540.6550098258849
1219,406,2,903.3706716450233,No support,540.6550098258849
1201,400,2,903.8034010259702,No support,541.0877392068318
1210,403,2,903.8034010259702,No support,541.0877392068318
1204,401,2,903.8034010259702,No support,541.0877392068318
1207,402,2,903.8034010259702,No support,541.0877392068318
596,198,3,905.2229609113796,No support,542.5072990922412
602,200,3,905.2229609113796,No support,542.5072990922412
599,199,3,905.2229609113796,No support,542.5072990922412
1198,399,2,905.7340296217187,No support,543.0183678025803
593,197,3,906.9122460877129,No support,544.1965842685745
590,196,3,909.3596850197139,No support,546.6440232005755
1195,398,2,910.4907096570965,No support,547.7750478379581
1192,397,2,910.4907096570965,No support,547.7750478379581
587,195,3,916.1835742359975,No support,553.4679124168591
1180,393,2,919.8050226096228,No support,557.0893607904844
1183,394,2,919.8050226096228,No support,557.0893607904844
1186,395,2,919.8050226096228,No support,557.0893607904844
1189,396,2,919.8050226096228,No support,557.0893607904844
1171,390,2,920.6262972755549,No support,557.9106354564165
1174,391,2,920.6262972755549,No support,557.9106354564165
1177,392,2,920.6262972755549,No support,557.9106354564165
1168,389,2,924.4152373582045,No support,561.6995755390661
1165,388,2,924.4152373582045,No support,561.6995755390661
1162,387,2,926.9848636691114,No support,564.269201849973
1156,385,2,927.5047716243606,No support,564.7891098052222
1153,384,2,927.5047716243606,No support,564.7891098052222
1159,386,2,927.5047716243606,No support,564.7891098052222
1150,383,2,927.5047716243606,No support,564.7891098052222
1147,382,2,927.8045778274673,No support,565.0889160083289
1144,381,2,929.1066300233217,No support,566.3909682041833
1141,380,2,929.1066300233217,No support,566.3909682041833
569,189,3,929.8737656334722,No support,567.1581038143338
584,194,3,929.8737656334722,No support,567.1581038143338
581,193,3,929.8737656334722,No support,567.1581038143338
578,192,3,929.8737656334722,No support,567.1581038143338
575,191,3,929.8737656334722,No support,567.1581038143338
572,190,3,929.8737656334722,No support,567.1581038143338
1138,379,2,933.6840429346552,No support,570.9683811155168
1135,378,2,933.8520176041653,No support,571.1363557850269
1129,376,2,933.8520176041653,No support,571.1363557850269
1126,375,2,933.8520176041653,No support,571.1363557850269
1132,377,2,933.8520176041653,No support,571.1363557850269
1123,374,2,933.8548941746304,No support,571.139232355492
1120,373,2,933.8548941746304,No support,571.139232355492
1111,370,2,933.8548941746304,No support,571.139232355492
1114,371,2,933.8548941746304,No support,571.139232355492
1117,372,2,933.8548941746304,No support,571.139232355492
1108,369,2,934.7362170948771,No support,572.0205552757387
1105,368,2,934.7362170948771,No support,572.0205552757387
1102,367,2,934.7362170948771,No support,572.0205552757387
566,188,3,934.9332811077891,No support,572.2176192886507
554,184,3,935.5731393061478,No support,572.8574774870094
557,185,3,935.5731393061478,No support,572.8574774870094
560,186,3,935.5731393061478,No support,572.8574774870094
563,187,3,935.5731393061478,No support,572.8574774870094
551,183,3,935.5731393061478,No support,572.8574774870094
1099,366,2,936.393641302031,No support,573.6779794828926
1096,365,2,936.393641302031,No support,573.6779794828926
1093,364,2,936.393641302031,No support,573.6779794828926
1087,362,2,936.393641302031,No support,573.6779794828926
1090,363,2,936.393641302031,No support,573.6779794828926
1078,359,2,944.7961623507025,No support,582.0805005315641
1081,360,2,944.7961623507025,No support,582.0805005315641
1084,361,2,944.7961623507025,No support,582.0805005315641
1075,358,2,946.2239736598576,No support,583.5083118407192
1054,351,2,946.3662419328346,No support,583.6505801136962
1057,352,2,946.3662419328346,No support,583.6505801136962
1060,353,2,946.3662419328346,No support,583.6505801136962
1063,354,2,946.3662419328346,No support,583.6505801136962
1066,355,2,946.3662419328346,No support,583.6505801136962
1072,357,2,946.3662419328346,No support,583.6505801136962
1069,356,2,946.3662419328346,No support,583.6505801136962
1051,350,2,946.8444904601646,No support,584.1288286410262
1048,349,2,947.405346008879,No support,584.6896841897405
1045,348,2,947.405346008879,No support,584.6896841897405
1042,347,2,947.405346008879,No support,584.6896841897405
1039,346,2,947.405346008879,No support,584.6896841897405
1036,345,2,947.405346008879,No support,584.6896841897405
548,182,3,951.0732253204377,No support,588.3575635012993
1018,339,2,952.5432622611024,No support,589.827600441964
1033,344,2,952.5432622611024,No support,589.827600441964
1030,343,2,952.5432622611024,No support,589.827600441964
1027,342,2,952.5432622611024,No support,589.827600441964
1024,341,2,952.5432622611024,No support,589.827600441964
1021,340,2,952.5432622611024,No support,589.827600441964
1015,338,2,952.5432622611024,No support,589.827600441964
1009,336,2,952.582050718044,No support,589.8663888989056
994,331,2,952.582050718044,No support,589.8663888989056
997,332,2,952.582050718044,No support,589.8663888989056
988,329,2,952.582050718044,No support,589.8663888989056
1000,333,2,952.582050718044,No support,589.8663888989056
1003,334,2,952.582050718044,No support,589.8663888989056
1006,335,2,952.582050718044,No support,589.8663888989056
985,328,2,952.582050718044,No support,589.8663888989056
1012,337,2,952.582050718044,No support,589.8663888989056
982,327,2,952.582050718044,No support,589.8663888989056
991,330,2,952.582050718044,No support,589.8663888989056
937,312,2,953.1232325230926,No support,590.4075707039542
976,325,2,953.1232325230926,No support,590.4075707039542
940,313,2,953.1232325230926,No support,590.4075707039542
943,314,2,953.1232325230926,No support,590.4075707039542
946,315,2,953.1232325230926,No support,590.4075707039542
949,316,2,953.1232325230926,No support,590.4075707039542
970,323,2,953.1232325230926,No support,590.4075707039542
961,320,2,953.1232325230926,No support,590.4075707039542
955,318,2,953.1232325230926,No support,590.4075707039542
964,321,2,953.1232325230926,No support,590.4075707039542
973,324,2,953.1232325230926,No support,590.4075707039542
958,319,2,953.1232325230926,No support,590.4075707039542
979,326,2,953.1232325230926,No support,590.4075707039542
952,317,2,953.1232325230926,No support,590.4075707039542
967,322,2,953.1232325230926,No support,590.4075707039542
928,309,2,953.2420941820825,No support,590.5264323629441
922,307,2,953.2420941820825,No support,590.5264323629441
931,310,2,953.2420941820825,No support,590.5264323629441
934,311,2,953.2420941820825,No support,590.5264323629441
919,306,2,953.2420941820825,No support,590.5264323629441
916,305,2,953.2420941820825,No support,590.5264323629441
925,308,2,953.2420941820825,No support,590.5264323629441
910,303,2,953.2420941820825,No support,590.5264323629441
907,302,2,953.2420941820825,No support,590.5264323629441
913,304,2,953.2420941820825,No support,590.5264323629441
545,181,3,958.5463103457046,No support,595.8306485265662
904,301,2,959.3446677665719,No support,596.6290059474335
542,180,3,962.4195918311362,No support,599.7039300119978
901,300,2,965.4836683662336,No support,602.7680065470952
898,299,2,966.8073489346302,No support,604.0916871154918
895,298,2,966.8073489346302,No support,604.0916871154918
892,297,2,966.8073489346302,No support,604.0916871154918
539,179,3,968.2147804316942,No support,605.4991186125558
530,176,3,973.0492821420547,No support,610.3336203229163
524,174,3,973.0492821420547,No support,610.3336203229163
536,178,3,973.0492821420547,No support,610.3336203229163
521,173,3,973.0492821420547,No support,610.3336203229163
527,175,3,973.0492821420547,No support,610.3336203229163
533,177,3,973.0492821420547,No support,610.3336203229163
877,292,2,975.3643764564132,No support,612.6487146372748
886,295,2,975.3643764564132,No support,612.6487146372748
889,296,2,975.3643764564132,No support,612.6487146372748
883,294,2,975.3643764564132,No support,612.6487146372748
874,291,2,975.3643764564132,No support,612.6487146372748
880,293,2,975.3643764564132,No support,612.6487146372748
871,290,2,976.565752906404,No support,613.8500910872656
868,289,2,979.5000450869127,No support,616.7843832677743
1608,536,1,980.6601455653444,No support,617.944483746206
1599,533,1,981.2054743726251,No support,618.4898125534867
1602,534,1,981.2054743726251,No support,618.4898125534867
1590,530,1,981.2054743726251,No support,618.4898125534867
1593,531,1,981.2054743726251,No support,618.4898125534867
1605,535,1,981.2054743726251,No support,618.4898125534867
1596,532,1,981.2054743726251,No support,618.4898125534867
1581,527,1,982.0048956327488,No support,619.2892338136104
1572,524,1,982.0048956327488,No support,619.2892338136104
1587,529,1,982.0048956327488,No support,619.2892338136104
1584,528,1,982.0048956327488,No support,619.2892338136104
1569,523,1,982.0048956327488,No support,619.2892338136104
1578,526,1,982.0048956327488,No support,619.2892338136104
1575,525,1,982.0048956327488,No support,619.2892338136104
1563,521,1,982.7207855477635,No support,620.0051237286251
1566,522,1,982.7207855477635,No support,620.0051237286251
1557,519,1,982.7847469999816,No support,620.0690851808432
1560,520,1,982.7847469999816,No support,620.0690851808432
1548,516,1,982.7847469999816,No support,620.0690851808432
1554,518,1,982.7847469999816,No support,620.0690851808432
1551,517,1,982.7847469999816,No support,620.0690851808432
1545,515,1,983.7364461330799,No support,621.0207843139415
1542,514,1,983.9387149080718,No support,621.2230530889334
1533,511,1,984.769910845608,No support,622.0542490264696
1530,510,1,984.769910845608,No support,622.0542490264696
1536,512,1,984.769910845608,No support,622.0542490264696
1539,513,1,984.769910845608,No support,622.0542490264696
518,172,3,985.9574341095546,No support,623.2417722904162
512,170,3,985.9574341095546,No support,623.2417722904162
515,171,3,985.9574341095546,No support,623.2417722904162
503,167,3,985.9574341095546,No support,623.2417722904162
506,168,3,985.9574341095546,No support,623.2417722904162
509,169,3,985.9574341095546,No support,623.2417722904162
862,287,2,986.0232504368821,No support,623.3075886177437
859,286,2,986.0232504368821,No support,623.3075886177437
865,288,2,986.0232504368821,No support,623.3075886177437
1518,506,1,986.1308880034989,No support,623.4152261843604
1524,508,1,986.1308880034989,No support,623.4152261843604
1527,509,1,986.1308880034989,No support,623.4152261843604
1521,507,1,986.1308880034989,No support,623.4152261843604
1515,505,1,987.9520820527861,No support,625.2364202336477
1512,504,1,988.0285517639094,No support,625.312889944771
1509,503,1,988.0285517639094,No support,625.312889944771
1491,497,1,988.3635818729089,No support,625.6479200537705
1494,498,1,988.3635818729089,No support,625.6479200537705
1500,500,1,988.3635818729089,No support,625.6479200537705
1488,496,1,988.3635818729089,No support,625.6479200537705
1503,501,1,988.3635818729089,No support,625.6479200537705
1506,502,1,988.3635818729089,No support,625.6479200537705
1497,499,1,988.3635818729089,No support,625.6479200537705
844,281,2,988.9123811041278,No support,626.1967192849894
850,283,2,988.9123811041278,No support,626.1967192849894
853,284,2,988.9123811041278,No support,626.1967192849894
856,285,2,988.9123811041278,No support,626.1967192849894
847,282,2,988.9123811041278,No support,626.1967192849894
500,166,3,989.8180316679224,No support,627.102369848784
1485,495,1,989.9925212546092,No support,627.2768594354708
1479,493,1,989.9925212546092,No support,627.2768594354708
1476,492,1,989.9925212546092,No support,627.2768594354708
1482,494,1,989.9925212546092,No support,627.2768594354708
841,280,2,990.4164186837752,No support,627.7007568646368
1473,491,1,990.970719176429,No support,628.2550573572906
1458,486,1,990.970719176429,No support,628.2550573572906
1461,487,1,990.970719176429,No support,628.2550573572906
1464,488,1,990.970719176429,No support,628.2550573572906
1470,490,1,990.970719176429,No support,628.2550573572906
1467,489,1,990.970719176429,No support,628.2550573572906
497,165,3,991.2647191550617,No support,628.5490573359233
1455,485,1,991.3380605213229,No support,628.6223987021845
838,279,2,992.5331123425316,No support,629.8174505233932
1446,482,1,992.8047986136045,No support,630.0891367944661
1449,483,1,992.8047986136045,No support,630.0891367944661
1452,484,1,992.8047986136045,No support,630.0891367944661
835,278,2,992.9951308303481,No support,630.2794690112097
832,277,2,992.9951308303481,No support,630.2794690112097
829,276,2,992.9951308303481,No support,630.2794690112097
1443,481,1,993.7800899152957,No support,631.0644280961573
1440,480,1,993.7862549127341,No support,631.0705930935957
1437,479,1,993.7862549127341,No support,631.0705930935957
1434,478,1,994.3721186138271,No support,631.6564567946887
1431,477,1,994.6606740494298,No support,631.9450122302914
1425,475,1,994.6606740494298,No support,631.9450122302914
1428,476,1,994.6606740494298,No support,631.9450122302914
1419,473,1,995.6497412209363,No support,632.9340794017979
1422,474,1,995.6497412209363,No support,632.9340794017979
1416,472,1,995.6596447651916,No support,632.9439829460532
1413,471,1,995.6596447651916,No support,632.9439829460532
1410,470,1,995.6596447651916,No support,632.9439829460532
1407,469,1,995.6596447651916,No support,632.9439829460532
1404,468,1,995.6596447651916,No support,632.9439829460532
1401,467,1,995.6596447651916,No support,632.9439829460532
1377,459,1,996.3342844371548,No support,633.6186226180164
1383,461,1,996.3342844371548,No support,633.6186226180164
1386,462,1,996.3342844371548,No support,633.6186226180164
1398,466,1,996.3342844371548,No support,633.6186226180164
1374,458,1,996.3342844371548,No support,633.6186226180164
1395,465,1,996.3342844371548,No support,633.6186226180164
1392,464,1,996.3342844371548,No support,633.6186226180164
1380,460,1,996.3342844371548,No support,633.6186226180164
1389,463,1,996.3342844371548,No support,633.6186226180164
820,273,2,996.8730124306982,No support,634.1573506115598
826,275,2,996.8730124306982,No support,634.1573506115598
823,274,2,996.8730124306982,No support,634.1573506115598
1371,457,1,997.0066209439739,No support,634.2909591248355
1362,454,1,997.1870137318424,No support,634.471351912704
1353,451,1,997.1870137318424,No support,634.471351912704
1356,452,1,997.1870137318424,No support,634.471351912704
1368,456,1,997.1870137318424,No support,634.471351912704
1359,453,1,997.1870137318424,No support,634.471351912704
1365,455,1,997.1870137318424,No support,634.471351912704
1350,450,1,997.1870137318424,No support,634.471351912704
1344,448,1,997.4262596739931,No support,634.7105978548547
1347,449,1,997.4262596739931,No support,634.7105978548547
1341,447,1,997.4486627334542,No support,634.7330009143158
1338,446,1,997.4486627334542,No support,634.7330009143158
1335,445,1,997.4486627334542,No support,634.7330009143158
1332,444,1,997.4486627334542,No support,634.7330009143158
1329,443,1,997.5509897808857,No support,634.8353279617473
1323,441,1,997.5509897808857,No support,634.8353279617473
1326,442,1,997.5509897808857,No support,634.8353279617473
1317,439,1,997.5577094701374,No support,634.842047650999
1314,438,1,997.5577094701374,No support,634.842047650999
1311,437,1,997.5577094701374,No support,634.842047650999
1308,436,1,997.5577094701374,No support,634.842047650999
1302,434,1,997.5577094701374,No support,634.842047650999
1305,435,1,997.5577094701374,No support,634.842047650999
1299,433,1,997.5577094701374,No support,634.842047650999
1320,440,1,997.5577094701374,No support,634.842047650999
1296,432,1,997.6139651421412,No support,634.8983033230028
1293,431,1,997.6139651421412,No support,634.8983033230028
1290,430,1,997.6139651421412,No support,634.8983033230028
1287,429,1,997.6991893967393,No support,634.9835275776009
811,270,2,997.7671556702154,No support,635.051493851077
814,271,2,997.7671556702154,No support,635.051493851077
817,272,2,997.7671556702154,No support,635.051493851077
808,269,2,997.7671556702154,No support,635.051493851077
805,268,2,997.7671556702154,No support,635.051493851077
1284,428,1,998.0978432241212,No support,635.3821814049828
1281,427,1,998.0978432241212,No support,635.3821814049828
802,267,2,998.2826555318594,No support,635.566993712721
799,266,2,998.2826555318594,No support,635.566993712721
796,265,2,998.2826555318594,No support,635.566993712721
793,264,2,998.2826555318594,No support,635.566993712721
1272,424,1,998.4748185411471,No support,635.7591567220087
1275,425,1,998.4748185411471,No support,635.7591567220087
1266,422,1,998.4748185411471,No support,635.7591567220087
1278,426,1,998.4748185411471,No support,635.7591567220087
1269,423,1,998.4748185411471,No support,635.7591567220087
1257,419,1,999.9027351759493,No support,637.1870733568109
1260,420,1,999.9027351759493,No support,637.1870733568109
1263,421,1,999.9027351759493,No support,637.1870733568109
1254,418,1,999.9027351759493,No support,637.1870733568109
1251,417,1,1003.0422341583591,No support,640.3265723392207
790,263,2,1003.5186830128466,No support,640.8030211937082
781,260,2,1003.5186830128466,No support,640.8030211937082
784,261,2,1003.5186830128466,No support,640.8030211937082
787,262,2,1003.5186830128466,No support,640.8030211937082
778,259,2,1003.5186830128466,No support,640.8030211937082
1233,411,1,1003.9451304645133,No support,641.2294686453749
1230,410,1,1003.9451304645133,No support,641.2294686453749
1227,409,1,1003.9451304645133,No support,641.2294686453749
1242,414,1,1003.9453504629078,No support,641.2296886437694
1245,415,1,1003.9453504629078,No support,641.2296886437694
1248,416,1,1003.9453504629078,No support,641.2296886437694
1239,413,1,1003.9453504629078,No support,641.2296886437694
1236,412,1,1003.9453504629078,No support,641.2296886437694
1224,408,1,1006.6637587851577,No support,643.9480969660193
775,258,2,1007.35260506002,No support,644.6369432408816
1209,403,1,1007.7703612268035,No support,645.0546994076651
1215,405,1,1007.7703612268035,No support,645.0546994076651
1218,406,1,1007.7703612268035,No support,645.0546994076651
1221,407,1,1007.7703612268035,No support,645.0546994076651
1212,404,1,1007.7703612268035,No support,645.0546994076651
1203,401,1,1008.3805012183292,No support,645.6648393991908
1200,400,1,1008.3805012183292,No support,645.6648393991908
1197,399,1,1008.3805012183292,No support,645.6648393991908
1194,398,1,1008.3805012183292,No support,645.6648393991908
1206,402,1,1008.3805012183292,No support,645.6648393991908
1191,397,1,1008.4710105495737,No support,645.7553487304353
1188,396,1,1008.4710105495737,No support,645.7553487304353
1158,386,1,1008.511350594163,No support,645.7956887750246
1161,387,1,1008.511350594163,No support,645.7956887750246
1164,388,1,1008.511350594163,No support,645.7956887750246
1176,392,1,1008.511350594163,No support,645.7956887750246
1170,390,1,1008.511350594163,No support,645.7956887750246
1173,391,1,1008.511350594163,No support,645.7956887750246
1182,394,1,1008.511350594163,No support,645.7956887750246
1167,389,1,1008.511350594163,No support,645.7956887750246
1185,395,1,1008.511350594163,No support,645.7956887750246
1179,393,1,1008.511350594163,No support,645.7956887750246
1155,385,1,1008.5717545677567,No support,645.8560927486183
1149,383,1,1008.5717545677567,No support,645.8560927486183
1146,382,1,1008.5717545677567,No support,645.8560927486183
1143,381,1,1008.5717545677567,No support,645.8560927486183
1152,384,1,1008.5717545677567,No support,645.8560927486183
1134,378,1,1008.5948766230681,No support,645.8792148039297
1140,380,1,1008.5948766230681,No support,645.8792148039297
1137,379,1,1008.5948766230681,No support,645.8792148039297
1131,377,1,1011.254015434029,No support,648.5383536148906
1128,376,1,1013.300901075683,No support,650.5852392565446
494,164,3,1013.3095521640831,No support,650.5938903449447
491,163,3,1013.3095521640831,No support,650.5938903449447
1122,374,1,1013.509640180386,No support,650.7939783612476
1125,375,1,1013.509640180386,No support,650.7939783612476
1119,373,1,1013.5174051904393,No support,650.8017433713009
1095,365,1,1013.7223103862011,No support,651.0066485670627
1104,368,1,1013.7223103862011,No support,651.0066485670627
1098,366,1,1013.7223103862011,No support,651.0066485670627
1110,370,1,1013.7223103862011,No support,651.0066485670627
1107,369,1,1013.7223103862011,No support,651.0066485670627
1101,367,1,1013.7223103862011,No support,651.0066485670627
1113,371,1,1013.7223103862011,No support,651.0066485670627
1116,372,1,1013.7223103862011,No support,651.0066485670627
1092,364,1,1013.7223103862011,No support,651.0066485670627
1074,358,1,1013.7295799832915,No support,651.0139181641531
1077,359,1,1013.7295799832915,No support,651.0139181641531
1080,360,1,1013.7295799832915,No support,651.0139181641531
1089,363,1,1013.7295799832915,No support,651.0139181641531
1071,357,1,1013.7295799832915,No support,651.0139181641531
1083,361,1,1013.7295799832915,No support,651.0139181641531
1086,362,1,1013.7295799832915,No support,651.0139181641531
1047,349,1,1016.1401459687827,No support,653.4244841496443
1053,351,1,1016.1401459687827,No support,653.4244841496443
1068,356,1,1016.1401459687827,No support,653.4244841496443
1050,350,1,1016.1401459687827,No support,653.4244841496443
1065,355,1,1016.1401459687827,No support,653.4244841496443
1059,353,1,1016.1401459687827,No support,653.4244841496443
1056,352,1,1016.1401459687827,No support,653.4244841496443
1062,354,1,1016.1401459687827,No support,653.4244841496443
763,254,2,1016.2475636960493,No support,653.5319018769109
766,255,2,1016.2475636960493,No support,653.5319018769109
760,253,2,1016.2475636960493,No support,653.5319018769109
772,257,2,1016.2475636960493,No support,653.5319018769109
769,256,2,1016.2475636960493,No support,653.5319018769109
1044,348,1,1016.3643992559621,No support,653.6487374368237
1038,346,1,1016.6567209018142,No support,653.9410590826758
1035,345,1,1016.6567209018142,No support,653.9410590826758
1041,347,1,1016.6567209018142,No support,653.9410590826758
1032,344,1,1016.6567209018142,No support,653.9410590826758
1029,343,1,1017.4240869552126,No support,654.7084251360742
757,252,2,1019.6141817633259,No support,656.8985199441875
754,251,2,1022.6534428516484,No support,659.93778103251
751,250,2,1022.6534428516484,No support,659.93778103251
736,245,2,1024.8593124822778,No support,662.1436506631394
724,241,2,1024.8593124822778,No support,662.1436506631394
742,247,2,1024.8593124822778,No support,662.1436506631394
727,242,2,1024.8593124822778,No support,662.1436506631394
748,249,2,1024.8593124822778,No support,662.1436506631394
745,248,2,1024.8593124822778,No support,662.1436506631394
733,244,2,1024.8593124822778,No support,662.1436506631394
730,243,2,1024.8593124822778,No support,662.1436506631394
739,246,2,1024.8593124822778,No support,662.1436506631394
721,240,2,1025.4558941430312,No support,662.7402323238928
703,234,2,1025.4558941430312,No support,662.7402323238928
718,239,2,1025.4558941430312,No support,662.7402323238928
715,238,2,1025.4558941430312,No support,662.7402323238928
712,237,2,1025.4558941430312,No support,662.7402323238928
709,236,2,1025.4558941430312,No support,662.7402323238928
706,235,2,1025.4558941430312,No support,662.7402323238928
676,225,2,1025.8287826070864,No support,663.113120787948
691,230,2,1025.8287826070864,No support,663.113120787948
685,228,2,1025.8287826070864,No support,663.113120787948
694,231,2,1025.8287826070864,No support,663.113120787948
679,226,2,1025.8287826070864,No support,663.113120787948
697,232,2,1025.8287826070864,No support,663.113120787948
688,229,2,1025.8287826070864,No support,663.113120787948
673,224,2,1025.8287826070864,No support,663.113120787948
682,227,2,1025.8287826070864,No support,663.113120787948
700,233,2,1025.8287826070864,No support,663.113120787948
1026,342,1,1026.7437547088307,No support,664.0280928896923
1011,337,1,1026.980601043353,No support,664.2649392242147
1014,338,1,1026.980601043353,No support,664.2649392242147
1023,341,1,1026.980601043353,No support,664.2649392242147
1017,339,1,1026.980601043353,No support,664.2649392242147
1020,340,1,1026.980601043353,No support,664.2649392242147
488,162,3,1029.1520380186798,No support,666.4363761995414
1008,336,1,1029.4563589307056,No support,666.7406971115672
1002,334,1,1029.6649440701099,No support,666.9492822509715
1005,335,1,1029.6649440701099,No support,666.9492822509715
999,333,1,1029.6649440701099,No support,666.9492822509715
485,161,3,1029.9642048267879,No support,667.2485430076495
996,332,1,1030.0816104675187,No support,667.3659486483803
670,223,2,1031.3885406868228,No support,668.6728788676844
658,219,2,1032.294232853612,No support,669.5785710344735
661,220,2,1032.294232853612,No support,669.5785710344735
652,217,2,1032.294232853612,No support,669.5785710344735
667,222,2,1032.294232853612,No support,669.5785710344735
649,216,2,1032.294232853612,No support,669.5785710344735
655,218,2,1032.294232853612,No support,669.5785710344735
664,221,2,1032.294232853612,No support,669.5785710344735
993,331,1,1035.4959525437848,No support,672.7802907246464
987,329,1,1035.4959525437848,No support,672.7802907246464
990,330,1,1035.4959525437848,No support,672.7802907246464
482,160,3,1036.0241498325427,No support,673.3084880134043
984,328,1,1036.1510658066095,No support,673.4354039874711
981,327,1,1036.1510658066095,No support,673.4354039874711
978,326,1,1036.1510658066095,No support,673.4354039874711
966,322,1,1036.6302331209472,No support,673.9145713018088
963,321,1,1036.6302331209472,No support,673.9145713018088
972,324,1,1036.6302331209472,No support,673.9145713018088
969,323,1,1036.6302331209472,No support,673.9145713018088
975,325,1,1036.6302331209472,No support,673.9145713018088
479,159,3,1038.5882252167703,No support,675.8725633976319
960,320,1,1038.771661284116,No support,676.0559994649775
957,319,1,1038.771661284116,No support,676.0559994649775
954,318,1,1038.771661284116,No support,676.0559994649775
628,209,2,1040.2204252587408,No support,677.5047634396024
631,210,2,1040.2204252587408,No support,677.5047634396024
634,211,2,1040.2204252587408,No support,677.5047634396024
637,212,2,1040.2204252587408,No support,677.5047634396024
646,215,2,1040.2204252587408,No support,677.5047634396024
640,213,2,1040.2204252587408,No support,677.5047634396024
625,208,2,1040.2204252587408,No support,677.5047634396024
643,214,2,1040.2204252587408,No support,677.5047634396024
616,205,2,1040.399049584558,No support,677.6833877654196
622,207,2,1040.399049584558,No support,677.6833877654196
619,206,2,1040.399049584558,No support,677.6833877654196
604,201,2,1040.399049584558,No support,677.6833877654196
610,203,2,1040.399049584558,No support,677.6833877654196
613,204,2,1040.399049584558,No support,677.6833877654196
607,202,2,1040.399049584558,No support,677.6833877654196
601,200,2,1040.399049584558,No support,677.6833877654196
951,317,1,1043.408581007724,No support,680.6929191885856
945,315,1,1043.68176211445,No support,680.9661002953117
942,314,1,1043.68176211445,No support,680.9661002953117
939,313,1,1043.68176211445,No support,680.9661002953117
948,316,1,1043.68176211445,No support,680.9661002953117
936,312,1,1043.68176211445,No support,680.9661002953117
933,311,1,1043.68176211445,No support,680.9661002953117
930,310,1,1044.307074836056,No support,681.5914130169176
467,155,3,1045.406408387499,No support,682.6907465683605
458,152,3,1045.406408387499,No support,682.6907465683605
476,158,3,1045.406408387499,No support,682.6907465683605
461,153,3,1045.406408387499,No support,682.6907465683605
470,156,3,1045.406408387499,No support,682.6907465683605
473,157,3,1045.406408387499,No support,682.6907465683605
464,154,3,1045.406408387499,No support,682.6907465683605
598,199,2,1050.039228337734,No support,687.3235665185955
927,309,1,1051.205207836334,No support,688.4895460171956
455,151,3,1051.3276709284933,No support,688.6120091093549
924,308,1,1051.4187902355347,No support,688.7031284163963
921,307,1,1051.4187902355347,No support,688.7031284163963
918,306,1,1051.4187902355347,No support,688.7031284163963
912,304,1,1051.453272227726,No support,688.7376104085877
915,305,1,1051.453272227726,No support,688.7376104085877
595,198,2,1058.7467020098359,No support,696.0310401906975
592,197,2,1058.7467020098359,No support,696.0310401906975
586,195,2,1058.7467020098359,No support,696.0310401906975
583,194,2,1058.7467020098359,No support,696.0310401906975
589,196,2,1058.7467020098359,No support,696.0310401906975
580,193,2,1063.1784741767271,No support,700.4628123575887
897,299,1,1064.0283133721227,No support,701.3126515529843
900,300,1,1064.0283133721227,No support,701.3126515529843
903,301,1,1064.0283133721227,No support,701.3126515529843
906,302,1,1064.0283133721227,No support,701.3126515529843
909,303,1,1064.0283133721227,No support,701.3126515529843
894,298,1,1064.2589990969734,No support,701.543337277835
891,297,1,1065.3175386109342,No support,702.6018767917958
888,296,1,1065.3175386109342,No support,702.6018767917958
577,192,2,1067.2910780278303,No support,704.5754162086919
574,191,2,1067.54716729284,No support,704.8315054737016
885,295,1,1068.2174009459939,No support,705.5017391268555
571,190,2,1068.6527511916793,No support,705.9370893725409
568,189,2,1068.6527511916793,No support,705.9370893725409
562,187,2,1068.6527511916793,No support,705.9370893725409
565,188,2,1068.6527511916793,No support,705.9370893725409
532,177,2,1068.9140003398982,No support,706.1983385207598
550,183,2,1068.9158210463465,No support,706.2001592272081
544,181,2,1068.9158210463465,No support,706.2001592272081
559,186,2,1068.9158210463465,No support,706.2001592272081
541,180,2,1068.9158210463465,No support,706.2001592272081
538,179,2,1068.9158210463465,No support,706.2001592272081
556,185,2,1068.9158210463465,No support,706.2001592272081
535,178,2,1068.9158210463465,No support,706.2001592272081
547,182,2,1068.9158210463465,No support,706.2001592272081
553,184,2,1068.9158210463465,No support,706.2001592272081
452,150,3,1069.348677789229,No support,706.6330159700906
882,294,1,1071.977941492,No support,709.2622796728615
526,175,2,1072.5720017990216,No support,709.8563399798832
523,174,2,1072.5720017990216,No support,709.8563399798832
520,173,2,1072.5720017990216,No support,709.8563399798832
517,172,2,1072.5720017990216,No support,709.8563399798832
529,176,2,1072.5720017990216,No support,709.8563399798832
437,145,3,1072.9667814630475,No support,710.2511196439091
443,147,3,1072.9667814630475,No support,710.2511196439091
434,144,3,1072.9667814630475,No support,710.2511196439091
440,146,3,1072.9667814630475,No support,710.2511196439091
449,149,3,1072.9667814630475,No support,710.2511196439091
446,148,3,1072.9667814630475,No support,710.2511196439091
873,291,1,1072.9674105001059,No support,710.2517486809675
870,290,1,1072.9674105001059,No support,710.2517486809675
867,289,1,1072.9674105001059,No support,710.2517486809675
879,293,1,1072.9674105001059,No support,710.2517486809675
864,288,1,1072.9674105001059,No support,710.2517486809675
876,292,1,1072.9674105001059,No support,710.2517486809675
852,284,1,1073.0242165043287,No support,710.3085546851903
861,287,1,1073.0416829798285,No support,710.3260211606901
858,286,1,1073.0416829798285,No support,710.3260211606901
855,285,1,1073.0416829798285,No support,710.3260211606901
508,169,2,1074.0014036291946,No support,711.2857418100562
514,171,2,1074.0014036291946,No support,711.2857418100562
511,170,2,1074.0014036291946,No support,711.2857418100562
493,164,2,1076.1804909500645,No support,713.4648291309261
505,168,2,1076.1804909500645,No support,713.4648291309261
496,165,2,1076.1804909500645,No support,713.4648291309261
502,167,2,1076.1804909500645,No support,713.4648291309261
499,166,2,1076.1804909500645,No support,713.4648291309261
849,283,1,1076.206711524478,No support,713.4910497053395
484,161,2,1077.9041983626187,No support,715.1885365434803
487,162,2,1077.9041983626187,No support,715.1885365434803
490,163,2,1077.9041983626187,No support,715.1885365434803
481,160,2,1077.9041983626187,No support,715.1885365434803
478,159,2,1077.9041983626187,No support,715.1885365434803
475,158,2,1077.9041983626187,No support,715.1885365434803
837,279,1,1079.177563601098,No support,716.4619017819596
840,280,1,1079.177563601098,No support,716.4619017819596
843,281,1,1079.177563601098,No support,716.4619017819596
846,282,1,1079.177563601098,No support,716.4619017819596
834,278,1,1079.177563601098,No support,716.4619017819596
831,277,1,1079.647712381309,No support,716.9320505621706
828,276,1,1079.647712381309,No support,716.9320505621706
825,275,1,1079.647712381309,No support,716.9320505621706
431,143,3,1080.006923505132,No support,717.2912616859935
822,274,1,1080.1842784267683,No support,717.4686166076299
813,271,1,1081.944825869328,No support,719.2291640501896
819,273,1,1081.9681740532617,No support,719.2525122341233
816,272,1,1081.9681740532617,No support,719.2525122341233
810,270,1,1081.9844720349472,No support,719.2688102158088
804,268,1,1081.9844720349472,No support,719.2688102158088
801,267,1,1081.9844720349472,No support,719.2688102158088
807,269,1,1081.9844720349472,No support,719.2688102158088
798,266,1,1082.1581756504386,No support,719.4425138313002
428,142,3,1082.6282015737052,No support,719.9125397545668
768,256,1,1087.3378406541906,No support,724.6221788350522
792,264,1,1087.3401501347682,No support,724.6244883156298
795,265,1,1087.3401501347682,No support,724.6244883156298
786,262,1,1087.3401501347682,No support,724.6244883156298
789,263,1,1087.3401501347682,No support,724.6244883156298
783,261,1,1087.3401501347682,No support,724.6244883156298
774,258,1,1087.3401501347682,No support,724.6244883156298
771,257,1,1087.3401501347682,No support,724.6244883156298
777,259,1,1087.3401501347682,No support,724.6244883156298
780,260,1,1087.3401501347682,No support,724.6244883156298
765,255,1,1087.8302867445577,No support,725.1146249254193
472,157,2,1087.8485409902135,No support,725.132879171075
753,251,1,1089.8209797077022,No support,727.1053178885638
756,252,1,1089.8209797077022,No support,727.1053178885638
759,253,1,1089.8209797077022,No support,727.1053178885638
762,254,1,1089.8209797077022,No support,727.1053178885638
466,155,2,1093.6866759885688,No support,730.9710141694304
469,156,2,1093.6866759885688,No support,730.9710141694304
463,154,2,1093.6866759885688,No support,730.9710141694304
457,152,2,1093.6866759885688,No support,730.9710141694304
454,151,2,1093.6866759885688,No support,730.9710141694304
451,150,2,1093.6866759885688,No support,730.9710141694304
448,149,2,1093.6866759885688,No support,730.9710141694304
460,153,2,1093.6866759885688,No support,730.9710141694304
445,148,2,1093.8147486511666,No support,731.0990868320282
442,147,2,1093.8147486511666,No support,731.0990868320282
424,141,2,1093.8147486511666,No support,731.0990868320282
439,146,2,1093.8147486511666,No support,731.0990868320282
427,142,2,1093.8147486511666,No support,731.0990868320282
430,143,2,1093.8147486511666,No support,731.0990868320282
436,145,2,1093.8147486511666,No support,731.0990868320282
433,144,2,1093.8147486511666,No support,731.0990868320282
747,249,1,1094.105514021807,No support,731.3898522026686
750,250,1,1094.105514021807,No support,731.3898522026686
741,247,1,1094.3678603874266,No support,731.6521985682882
744,248,1,1094.3678603874266,No support,731.6521985682882
738,246,1,1096.3691763310328,No support,733.6535145118944
735,245,1,1099.6999721834454,No support,736.984310364307
729,243,1,1101.400217800503,No support,738.6845559813646
732,244,1,1101.400217800503,No support,738.6845559813646
726,242,1,1105.2722309953338,No support,742.5565691761954
723,241,1,1105.2722309953338,No support,742.5565691761954
720,240,1,1105.2722309953338,No support,742.5565691761954
421,140,2,1107.2872323475417,No support,744.5715705284033
418,139,2,1108.062241982595,No support,745.3465801634566
717,239,1,1110.215145516899,No support,747.4994836977605
702,234,1,1110.6799582242759,No support,747.9642964051375
699,233,1,1110.6799582242759,No support,747.9642964051375
705,235,1,1110.6799582242759,No support,747.9642964051375
714,238,1,1110.6799582242759,No support,747.9642964051375
711,237,1,1110.6799582242759,No support,747.9642964051375
708,236,1,1110.6799582242759,No support,747.9642964051375
690,230,1,1111.7177972601187,No support,749.0021354409803
687,229,1,1111.7177972601187,No support,749.0021354409803
693,231,1,1111.7177972601187,No support,749.0021354409803
684,228,1,1111.7177972601187,No support,749.0021354409803
696,232,1,1111.7177972601187,No support,749.0021354409803
415,138,2,1116.3280195723307,No support,753.6123577531923
412,137,2,1119.4500610923205,No support,756.7343992731821
409,136,2,1119.4500610923205,No support,756.7343992731821
400,133,2,1119.4500610923205,No support,756.7343992731821
397,132,2,1119.4500610923205,No support,756.7343992731821
406,135,2,1119.4500610923205,No support,756.7343992731821
403,134,2,1119.4500610923205,No support,756.7343992731821
681,227,1,1123.2839121554844,No support,760.568250336346
422,140,3,1123.865502602799,No support,761.1498407836607
425,141,3,1123.865502602799,No support,761.1498407836607
419,139,3,1123.865502602799,No support,761.1498407836607
407,135,3,1123.865502602799,No support,761.1498407836607
413,137,3,1123.865502602799,No support,761.1498407836607
410,136,3,1123.865502602799,No support,761.1498407836607
416,138,3,1123.865502602799,No support,761.1498407836607
404,134,3,1126.1364152077006,No support,763.4207533885622
678,226,1,1126.6600010180948,No support,763.9443391989564
675,225,1,1126.6600010180948,No support,763.9443391989564
672,224,1,1126.6600010180948,No support,763.9443391989564
669,223,1,1126.6600010180948,No support,763.9443391989564
666,222,1,1126.6600010180948,No support,763.9443391989564
394,131,2,1127.9951688216945,No support,765.2795070025561
663,221,1,1128.5657561077023,No support,765.8500942885639
660,220,1,1128.5657561077023,No support,765.8500942885639
657,219,1,1129.196696993876,No support,766.4810351747376
654,218,1,1130.0187879061132,No support,767.3031260869748
391,130,2,1130.5050714435615,No support,767.7894096244231
651,217,1,1130.9565831816897,No support,768.2409213625513
648,216,1,1130.9565831816897,No support,768.2409213625513
645,215,1,1130.9565831816897,No support,768.2409213625513
624,208,1,1131.3701829089828,No support,768.6545210898444
621,207,1,1131.3701829089828,No support,768.6545210898444
627,209,1,1131.3701829089828,No support,768.6545210898444
630,210,1,1131.3701829089828,No support,768.6545210898444
636,212,1,1131.3701829089828,No support,768.6545210898444
639,213,1,1131.3701829089828,No support,768.6545210898444
642,214,1,1131.3701829089828,No support,768.6545210898444
633,211,1,1131.3701829089828,No support,768.6545210898444
618,206,1,1134.6001456017323,No support,771.8844837825939
612,204,1,1135.2798350535236,No support,772.5641732343852
615,205,1,1135.2798350535236,No support,772.5641732343852
609,203,1,1135.2798350535236,No support,772.5641732343852
606,202,1,1136.9286711759855,No support,774.2130093568471
576,192,1,1137.8205185490135,No support,775.1048567298751
579,193,1,1137.8205185490135,No support,775.1048567298751
600,200,1,1137.8205185490135,No support,775.1048567298751
573,191,1,1137.8205185490135,No support,775.1048567298751
597,199,1,1137.8205185490135,No support,775.1048567298751
582,194,1,1137.8205185490135,No support,775.1048567298751
585,195,1,1137.8205185490135,No support,775.1048567298751
594,198,1,1137.8205185490135,No support,775.1048567298751
588,196,1,1137.8205185490135,No support,775.1048567298751
591,197,1,1137.8205185490135,No support,775.1048567298751
603,201,1,1137.8205185490135,No support,775.1048567298751
570,190,1,1137.8205185490135,No support,775.1048567298751
558,186,1,1137.9678017668339,No support,775.2521399476955
564,188,1,1137.9678017668339,No support,775.2521399476955
567,189,1,1137.9678017668339,No support,775.2521399476955
561,187,1,1137.9678017668339,No support,775.2521399476955
555,185,1,1138.6615922363671,No support,775.9459304172287
552,184,1,1142.008146904597,No support,779.2924850854586
549,183,1,1142.91894091378,No support,780.2032790946416
546,182,1,1142.91894091378,No support,780.2032790946416
540,180,1,1142.91894091378,No support,780.2032790946416
528,176,1,1142.91894091378,No support,780.2032790946416
537,179,1,1142.91894091378,No support,780.2032790946416
531,177,1,1142.91894091378,No support,780.2032790946416
543,181,1,1142.91894091378,No support,780.2032790946416
534,178,1,1142.91894091378,No support,780.2032790946416
525,175,1,1145.3864796155924,No support,782.670817796454
522,174,1,1145.5050690688975,No support,782.789407249759
385,128,2,1146.205850471369,No support,783.4901886522307
388,129,2,1146.205850471369,No support,783.4901886522307
519,173,1,1149.8413194355494,No support,787.125657616411
513,171,1,1149.8413194355494,No support,787.125657616411
516,172,1,1149.8413194355494,No support,787.125657616411
401,133,3,1150.6228986993415,No support,787.9072368802031
382,127,2,1151.4567014608442,No support,788.7410396417058
379,126,2,1151.6297602992545,No support,788.9140984801161
510,170,1,1154.3587900566026,No support,791.6431282374642
504,168,1,1155.645448227203,No support,792.9297864080645
507,169,1,1155.645448227203,No support,792.9297864080645
468,156,1,1155.6849603935116,No support,792.9692985743732
471,157,1,1155.6849603935116,No support,792.9692985743732
483,161,1,1155.6849603935116,No support,792.9692985743732
477,159,1,1155.6849603935116,No support,792.9692985743732
480,160,1,1155.6849603935116,No support,792.9692985743732
486,162,1,1155.6849603935116,No support,792.9692985743732
489,163,1,1155.6849603935116,No support,792.9692985743732
492,164,1,1155.6849603935116,No support,792.9692985743732
495,165,1,1155.6849603935116,No support,792.9692985743732
498,166,1,1155.6849603935116,No support,792.9692985743732
474,158,1,1155.6849603935116,No support,792.9692985743732
501,167,1,1155.6849603935116,No support,792.9692985743732
465,155,1,1157.8112833579944,No support,795.095621538856
462,154,1,1158.5217277837814,No support,795.806065964643
459,153,1,1160.6873405964266,No support,797.9716787772882
444,148,1,1164.3541251841152,No support,801.6384633649768
456,152,1,1164.3541251841152,No support,801.6384633649768
447,149,1,1164.3541251841152,No support,801.6384633649768
453,151,1,1164.3541251841152,No support,801.6384633649768
450,150,1,1164.3541251841152,No support,801.6384633649768
376,125,2,1165.9007390695851,No support,803.1850772504467
441,147,1,1169.9893315702852,No support,807.2736697511468
438,146,1,1172.9750944379314,No support,810.259432618793
370,123,2,1174.9272245601596,No support,812.2115627410212
361,120,2,1174.9272245601596,No support,812.2115627410212
364,121,2,1174.9272245601596,No support,812.2115627410212
373,124,2,1174.9272245601596,No support,812.2115627410212
367,122,2,1174.9272245601596,No support,812.2115627410212
352,117,2,1175.4558884331284,No support,812.74022661399
358,119,2,1175.4558884331284,No support,812.74022661399
346,115,2,1175.4558884331284,No support,812.74022661399
355,118,2,1175.4558884331284,No support,812.74022661399
349,116,2,1175.4558884331284,No support,812.74022661399
343,114,2,1175.4558884331284,No support,812.74022661399
337,112,2,1175.4558884331284,No support,812.74022661399
340,113,2,1175.4558884331284,No support,812.74022661399
435,145,1,1178.9341891867543,No support,816.2185273676159
423,141,1,1180.4219317177183,No support,817.7062698985799
429,143,1,1180.4219317177183,No support,817.7062698985799
420,140,1,1180.4219317177183,No support,817.7062698985799
417,139,1,1180.4219317177183,No support,817.7062698985799
432,144,1,1180.4219317177183,No support,817.7062698985799
411,137,1,1180.4219317177183,No support,817.7062698985799
426,142,1,1180.4219317177183,No support,817.7062698985799
414,138,1,1180.4219317177183,No support,817.7062698985799
322,107,2,1182.9239273209537,No support,820.2082655018153
331,110,2,1182.9239273209537,No support,820.2082655018153
304,101,2,1182.9239273209537,No support,820.2082655018153
310,103,2,1182.9239273209537,No support,820.2082655018153
319,106,2,1182.9239273209537,No support,820.2082655018153
289,96,2,1182.9239273209537,No support,820.2082655018153
313,104,2,1182.9239273209537,No support,820.2082655018153
295,98,2,1182.9239273209537,No support,820.2082655018153
307,102,2,1182.9239273209537,No support,820.2082655018153
316,105,2,1182.9239273209537,No support,820.2082655018153
334,111,2,1182.9239273209537,No support,820.2082655018153
328,109,2,1182.9239273209537,No support,820.2082655018153
325,108,2,1182.9239273209537,No support,820.2082655018153
286,95,2,1182.9239273209537,No support,820.2082655018153
301,100,2,1182.9239273209537,No support,820.2082655018153
292,97,2,1182.9239273209537,No support,820.2082655018153
298,99,2,1182.9239273209537,No support,820.2082655018153
283,94,2,1182.9239273209537,No support,820.2082655018153
408,136,1,1184.6155475712542,No support,821.8998857521158
384,128,1,1184.7574527412928,No support,822.0417909221544
405,135,1,1184.7574527412928,No support,822.0417909221544
402,134,1,1184.7574527412928,No support,822.0417909221544
363,121,1,1184.7574527412928,No support,822.0417909221544
399,133,1,1184.7574527412928,No support,822.0417909221544
366,122,1,1184.7574527412928,No support,822.0417909221544
396,132,1,1184.7574527412928,No support,822.0417909221544
369,123,1,1184.7574527412928,No support,822.0417909221544
372,124,1,1184.7574527412928,No support,822.0417909221544
393,131,1,1184.7574527412928,No support,822.0417909221544
375,125,1,1184.7574527412928,No support,822.0417909221544
390,130,1,1184.7574527412928,No support,822.0417909221544
378,126,1,1184.7574527412928,No support,822.0417909221544
387,129,1,1184.7574527412928,No support,822.0417909221544
381,127,1,1184.7574527412928,No support,822.0417909221544
357,119,1,1184.7574527412928,No support,822.0417909221544
360,120,1,1184.7574527412928,No support,822.0417909221544
354,118,1,1185.1818719389576,No support,822.4662101198192
342,114,1,1185.5929959430232,No support,822.8773341238848
336,112,1,1185.5929959430232,No support,822.8773341238848
339,113,1,1185.5929959430232,No support,822.8773341238848
345,115,1,1185.5929959430232,No support,822.8773341238848
351,117,1,1185.5929959430232,No support,822.8773341238848
333,111,1,1185.5929959430232,No support,822.8773341238848
348,116,1,1185.5929959430232,No support,822.8773341238848
280,93,2,1186.4133620842372,No support,823.6977002650988
330,110,1,1189.010228722699,No support,826.2945669035605
324,108,1,1191.790317732877,No support,829.0746559137385
318,106,1,1191.790317732877,No support,829.0746559137385
315,105,1,1191.790317732877,No support,829.0746559137385
312,104,1,1191.790317732877,No support,829.0746559137385
327,109,1,1191.790317732877,No support,829.0746559137385
321,107,1,1191.790317732877,No support,829.0746559137385
309,103,1,1192.2647343967024,No support,829.549072577564
306,102,1,1195.430651200946,No support,832.7149893818075
303,101,1,1210.6618267452843,No support,847.9461649261459
398,132,3,1214.4542933955381,No support,851.7386315763997
395,131,3,1214.4542933955381,No support,851.7386315763997
392,130,3,1214.4542933955381,No support,851.7386315763997
389,129,3,1214.4542933955381,No support,851.7386315763997
274,91,2,1236.0198338161408,No support,873.3041719970024
223,74,2,1236.0198338161408,No support,873.3041719970024
226,75,2,1236.0198338161408,No support,873.3041719970024
229,76,2,1236.0198338161408,No support,873.3041719970024
232,77,2,1236.0198338161408,No support,873.3041719970024
235,78,2,1236.0198338161408,No support,873.3041719970024
277,92,2,1236.0198338161408,No support,873.3041719970024
238,79,2,1236.0198338161408,No support,873.3041719970024
244,81,2,1236.0198338161408,No support,873.3041719970024
247,82,2,1236.0198338161408,No support,873.3041719970024
250,83,2,1236.0198338161408,No support,873.3041719970024
253,84,2,1236.0198338161408,No support,873.3041719970024
256,85,2,1236.0198338161408,No support,873.3041719970024
259,86,2,1236.0198338161408,No support,873.3041719970024
262,87,2,1236.0198338161408,No support,873.3041719970024
268,89,2,1236.0198338161408,No support,873.3041719970024
271,90,2,1236.0198338161408,No support,873.3041719970024
241,80,2,1236.0198338161408,No support,873.3041719970024
220,73,2,1236.0198338161408,No support,873.3041719970024
265,88,2,1236.0198338161408,No support,873.3041719970024
380,126,3,1241.7492215074394,No support,879.033559688301
377,125,3,1241.7492215074394,No support,879.033559688301
386,128,3,1241.7492215074394,No support,879.033559688301
374,124,3,1241.7492215074394,No support,879.033559688301
383,127,3,1241.7492215074394,No support,879.033559688301
371,123,3,1247.145633925828,No support,884.4299721066895
217,72,2,1264.8101169367885,No support,902.0944551176501
196,65,2,1300.7927830842075,No support,938.0771212650691
202,67,2,1300.7927830842075,No support,938.0771212650691
193,64,2,1300.7927830842075,No support,938.0771212650691
190,63,2,1300.7927830842075,No support,938.0771212650691
205,68,2,1300.7927830842075,No support,938.0771212650691
208,69,2,1300.7927830842075,No support,938.0771212650691
199,66,2,1300.7927830842075,No support,938.0771212650691
214,71,2,1300.7927830842075,No support,938.0771212650691
211,70,2,1300.7927830842075,No support,938.0771212650691
368,122,3,1346.8315811371883,No support,984.1159193180499
187,62,2,1358.075272667511,No support,995.3596108483725
184,61,2,1374.7884255564786,No support,1012.0727637373402
181,60,2,1374.7884255564786,No support,1012.0727637373402
178,59,2,1374.7884255564786,No support,1012.0727637373402
175,58,2,1374.7884255564786,No support,1012.0727637373402
169,56,2,1374.7884255564786,No support,1012.0727637373402
172,57,2,1374.7884255564786,No support,1012.0727637373402
166,55,2,1374.7884255564786,No support,1012.0727637373402
300,100,1,1384.6847731049988,No support,1021.9691112858604
365,121,3,1389.04964712413,No support,1026.3339853049915
359,119,3,1404.5415198089086,No support,1041.8258579897702
356,118,3,1404.5415198089086,No support,1041.8258579897702
353,117,3,1404.5415198089086,No support,1041.8258579897702
362,120,3,1404.5415198089086,No support,1041.8258579897702
163,54,2,1421.2946718150677,No support,1058.5790099959293
350,116,3,1432.619583301208,No support,1069.9039214820696
297,99,1,1435.0062241361961,No support,1072.2905623170577
347,115,3,1438.4637612514948,No support,1075.7480994323564
344,114,3,1439.8695301790005,No support,1077.1538683598621
341,113,3,1440.3582609798004,No support,1077.642599160662
285,95,1,1454.24294106884,No support,1091.5272792497017
288,96,1,1454.24294106884,No support,1091.5272792497017
282,94,1,1454.24294106884,No support,1091.5272792497017
294,98,1,1454.24294106884,No support,1091.5272792497017
276,92,1,1454.24294106884,No support,1091.5272792497017
279,93,1,1454.24294106884,No support,1091.5272792497017
291,97,1,1454.24294106884,No support,1091.5272792497017
329,109,3,1459.5975613813098,No support,1096.8818995621714
335,111,3,1459.5975613813098,No support,1096.8818995621714
332,110,3,1459.5975613813098,No support,1096.8818995621714
338,112,3,1459.5975613813098,No support,1096.8818995621714
273,91,1,1468.0214316587094,No support,1105.305769839571
270,90,1,1471.2665905550966,No support,1108.5509287359582
326,108,3,1477.9424585015265,No support,1115.226796682388
267,89,1,1492.9691531382448,No support,1130.2534913191064
323,107,3,1522.889566208672,No support,1160.1739043895336
320,106,3,1556.0568971643197,No support,1193.3412353451813
264,88,1,1558.4726736117325,No support,1195.757011792594
261,87,1,1579.2345874820958,No support,1216.5189256629574
160,53,2,1604.9139729109647,No support,1242.1983110918263
246,82,1,1617.9482530950556,No support,1255.2325912759172
252,84,1,1617.9482530950556,No support,1255.2325912759172
255,85,1,1617.9482530950556,No support,1255.2325912759172
243,81,1,1617.9482530950556,No support,1255.2325912759172
258,86,1,1617.9482530950556,No support,1255.2325912759172
249,83,1,1617.9482530950556,No support,1255.2325912759172
240,80,1,1621.762966593416,No support,1259.0473047742776
157,52,2,1623.5104970821203,No support,1260.794835262982
142,47,2,1640.1597266542449,No support,1277.4440648351065
136,45,2,1640.1597266542449,No support,1277.4440648351065
145,48,2,1640.1597266542449,No support,1277.4440648351065
148,49,2,1640.1597266542449,No support,1277.4440648351065
139,46,2,1640.1597266542449,No support,1277.4440648351065
151,50,2,1640.1597266542449,No support,1277.4440648351065
154,51,2,1640.1597266542449,No support,1277.4440648351065
317,105,3,1643.1426497230593,No support,1280.426987903921
237,79,1,1645.2210301065363,No support,1282.505368287398
302,100,3,1650.3032948079829,No support,1287.5876329888445
305,101,3,1650.3032948079829,No support,1287.5876329888445
299,99,3,1650.3032948079829,No support,1287.5876329888445
314,104,3,1650.3032948079829,No support,1287.5876329888445
311,103,3,1650.3032948079829,No support,1287.5876329888445
296,98,3,1650.3032948079829,No support,1287.5876329888445
308,102,3,1650.3032948079829,No support,1287.5876329888445
225,75,1,1654.2328838816393,No support,1291.5172220625009
213,71,1,1654.2328838816393,No support,1291.5172220625009
216,72,1,1654.2328838816393,No support,1291.5172220625009
234,78,1,1654.2328838816393,No support,1291.5172220625009
231,77,1,1654.2328838816393,No support,1291.5172220625009
222,74,1,1654.2328838816393,No support,1291.5172220625009
228,76,1,1654.2328838816393,No support,1291.5172220625009
219,73,1,1654.2328838816393,No support,1291.5172220625009
210,70,1,1657.2038527547538,No support,1294.4881909356154
293,97,3,1657.5110782017175,No support,1294.795416382579
290,96,3,1661.9873605137705,No support,1299.271698694632
133,44,2,1667.2979955103665,No support,1304.582333691228
287,95,3,1669.4002076383445,No support,1306.684545819206
198,66,1,1670.5557607503647,No support,1307.8400989312263
186,62,1,1670.5557607503647,No support,1307.8400989312263
189,63,1,1670.5557607503647,No support,1307.8400989312263
192,64,1,1670.5557607503647,No support,1307.8400989312263
195,65,1,1670.5557607503647,No support,1307.8400989312263
201,67,1,1670.5557607503647,No support,1307.8400989312263
183,61,1,1670.5557607503647,No support,1307.8400989312263
204,68,1,1670.5557607503647,No support,1307.8400989312263
207,69,1,1670.5557607503647,No support,1307.8400989312263
269,89,3,1672.0727331009305,No support,1309.357071281792
281,93,3,1672.0727331009305,No support,1309.357071281792
266,88,3,1672.0727331009305,No support,1309.357071281792
284,94,3,1672.0727331009305,No support,1309.357071281792
272,90,3,1672.0727331009305,No support,1309.357071281792
263,87,3,1672.0727331009305,No support,1309.357071281792
278,92,3,1672.0727331009305,No support,1309.357071281792
260,86,3,1672.0727331009305,No support,1309.357071281792
275,91,3,1672.0727331009305,No support,1309.357071281792
130,43,2,1676.9280876993894,No support,1314.212425880251
257,85,3,1677.3926950420494,No support,1314.677033222911
254,84,3,1684.623791930827,No support,1321.9081301116887
127,42,2,1686.9156517659367,No support,1324.1999899467983
94,31,2,1691.6981389285902,No support,1328.9824771094518
112,37,2,1691.6981389285902,No support,1328.9824771094518
115,38,2,1691.6981389285902,No support,1328.9824771094518
109,36,2,1691.6981389285902,No support,1328.9824771094518
103,34,2,1691.6981389285902,No support,1328.9824771094518
97,32,2,1691.6981389285902,No support,1328.9824771094518
100,33,2,1691.6981389285902,No support,1328.9824771094518
106,35,2,1691.6981389285902,No support,1328.9824771094518
118,39,2,1691.6981389285902,No support,1328.9824771094518
121,40,2,1691.6981389285902,No support,1328.9824771094518
124,41,2,1691.6981389285902,No support,1328.9824771094518
91,30,2,1691.6981389285902,No support,1328.9824771094518
88,29,2,1709.435269380307,No support,1346.7196075611687
251,83,3,1711.832937694683,No support,1349.1172758755447
85,28,2,1715.8103924924346,No support,1353.0947306732962
82,27,2,1730.4587845404203,No support,1367.743122721282
180,60,1,1730.5798523864617,No support,1367.8641905673232
177,59,1,1736.5589970587605,No support,1373.843335239622
58,19,2,1761.9260460114783,No support,1399.21038419234
61,20,2,1761.9260460114783,No support,1399.21038419234
55,18,2,1761.9260460114783,No support,1399.21038419234
52,17,2,1761.9260460114783,No support,1399.21038419234
70,23,2,1761.9260460114783,No support,1399.21038419234
64,21,2,1761.9260460114783,No support,1399.21038419234
67,22,2,1761.9260460114783,No support,1399.21038419234
73,24,2,1761.9260460114783,No support,1399.21038419234
76,25,2,1761.9260460114783,No support,1399.21038419234
79,26,2,1761.9260460114783,No support,1399.21038419234
49,16,2,1769.9506139992702,No support,1407.2349521801318
174,58,1,1771.3925640102068,No support,1408.6769021910684
156,52,1,1772.5856407886638,No support,1409.8699789695254
168,56,1,1772.5856407886638,No support,1409.8699789695254
159,53,1,1772.5856407886638,No support,1409.8699789695254
171,57,1,1772.5856407886638,No support,1409.8699789695254
162,54,1,1772.5856407886638,No support,1409.8699789695254
153,51,1,1772.5856407886638,No support,1409.8699789695254
165,55,1,1772.5856407886638,No support,1409.8699789695254
46,15,2,1788.112968262842,No support,1425.3973064437037
43,14,2,1801.1948319356045,No support,1438.479170116466
25,8,2,1802.3133162480328,No support,1439.5976544288944
28,9,2,1802.3133162480328,No support,1439.5976544288944
31,10,2,1802.3133162480328,No support,1439.5976544288944
34,11,2,1802.3133162480328,No support,1439.5976544288944
40,13,2,1802.3133162480328,No support,1439.5976544288944
37,12,2,1802.3133162480328,No support,1439.5976544288944
248,82,3,1809.4504334555434,No support,1446.734771636405
150,50,1,1809.6526215085955,No support,1446.9369596894571
147,49,1,1811.1666579271257,No support,1448.4509961079873
138,46,1,1811.3506504083346,No support,1448.6349885891962
123,41,1,1811.3506504083346,No support,1448.6349885891962
126,42,1,1811.3506504083346,No support,1448.6349885891962
144,48,1,1811.3506504083346,No support,1448.6349885891962
132,44,1,1811.3506504083346,No support,1448.6349885891962
129,43,1,1811.3506504083346,No support,1448.6349885891962
135,45,1,1811.3506504083346,No support,1448.6349885891962
141,47,1,1811.3506504083346,No support,1448.6349885891962
22,7,2,1811.4736975168362,No support,1448.7580356976978
19,6,2,1812.4557130161145,No support,1449.740051196976
120,40,1,1816.5994886913716,No support,1453.8838268722332
10,3,2,1818.0245767919241,No support,1455.3089149727857
4,1,2,1818.0245767919241,No support,1455.3089149727857
13,4,2,1818.0245767919241,No support,1455.3089149727857
16,5,2,1818.0245767919241,No support,1455.3089149727857
1,0,2,1818.0245767919241,No support,1455.3089149727857
7,2,2,1818.0245767919241,No support,1455.3089149727857
236,78,3,1818.6765561100399,No support,1455.9608942909015
239,79,3,1818.6765561100399,No support,1455.9608942909015
242,80,3,1818.6765561100399,No support,1455.9608942909015
245,81,3,1818.6765561100399,No support,1455.9608942909015
233,77,3,1818.8145139939072,No support,1456.0988521747688
117,39,1,1819.9544867715608,No support,1457.2388249524224
114,38,1,1836.3022534056179,No support,1473.5865915864795
93,31,1,1837.5194022278574,No support,1474.803740408719
102,34,1,1837.5194022278574,No support,1474.803740408719
90,30,1,1837.5194022278574,No support,1474.803740408719
87,29,1,1837.5194022278574,No support,1474.803740408719
105,35,1,1837.5194022278574,No support,1474.803740408719
84,28,1,1837.5194022278574,No support,1474.803740408719
108,36,1,1837.5194022278574,No support,1474.803740408719
96,32,1,1837.5194022278574,No support,1474.803740408719
78,26,1,1837.5194022278574,No support,1474.803740408719
111,37,1,1837.5194022278574,No support,1474.803740408719
81,27,1,1837.5194022278574,No support,1474.803740408719
99,33,1,1837.5194022278574,No support,1474.803740408719
230,76,3,1837.9740851351423,No support,1475.258423316004
75,25,1,1838.4810859306372,No support,1475.7654241114988
72,24,1,1842.7254687613643,No support,1480.0098069422259
69,23,1,1852.4181086468896,No support,1489.7024468277511
227,75,3,1855.633828052946,No support,1492.9181662338076
48,16,1,1855.7471311394486,No support,1493.0314693203102
66,22,1,1855.7471311394486,No support,1493.0314693203102
60,20,1,1855.7471311394486,No support,1493.0314693203102
57,19,1,1855.7471311394486,No support,1493.0314693203102
54,18,1,1855.7471311394486,No support,1493.0314693203102
51,17,1,1855.7471311394486,No support,1493.0314693203102
63,21,1,1855.7471311394486,No support,1493.0314693203102
42,14,1,1855.7471311394486,No support,1493.0314693203102
39,13,1,1855.7471311394486,No support,1493.0314693203102
45,15,1,1855.7471311394486,No support,1493.0314693203102
36,12,1,1857.2696029520823,No support,1494.553941132944
224,74,3,1863.6253425073814,No support,1500.909680688243
209,69,3,1864.8550636774264,No support,1502.139401858288
212,70,3,1864.8550636774264,No support,1502.139401858288
215,71,3,1864.8550636774264,No support,1502.139401858288
218,72,3,1864.8550636774264,No support,1502.139401858288
221,73,3,1864.8550636774264,No support,1502.139401858288
206,68,3,1865.285154064111,No support,1502.5694922449727
33,11,1,1865.7362522845542,No support,1503.0205904654158
203,67,3,1867.7258228009396,No support,1505.0101609818012
18,6,1,1871.8819055584527,No support,1509.1662437393143
30,10,1,1871.8819055584527,No support,1509.1662437393143
21,7,1,1871.8819055584527,No support,1509.1662437393143
24,8,1,1871.8819055584527,No support,1509.1662437393143
27,9,1,1871.8819055584527,No support,1509.1662437393143
15,5,1,1871.8819055584527,No support,1509.1662437393143
12,4,1,1872.4234032366298,No support,1509.7077414174914
9,3,1,1873.8707899770432,No support,1511.1551281579048
200,66,3,1879.3331144265487,No support,1516.6174526074103
197,65,3,1891.23353086399,No support,1528.5178690448515
194,64,3,1891.838912504704,No support,1529.1232506855656
6,2,1,1892.3695183491614,No support,1529.653856530023
3,1,1,1893.3165280697128,No support,1530.6008662505744
173,57,3,1898.1925708207148,No support,1535.4769090015764
185,61,3,1898.1925708207148,No support,1535.4769090015764
182,60,3,1898.1925708207148,No support,1535.4769090015764
176,58,3,1898.1925708207148,No support,1535.4769090015764
188,62,3,1898.1925708207148,No support,1535.4769090015764
179,59,3,1898.1925708207148,No support,1535.4769090015764
191,63,3,1898.1925708207148,No support,1535.4769090015764
170,56,3,1902.0796441147213,No support,1539.363982295583
152,50,3,1911.1148624279278,No support,1548.3992006087894
155,51,3,1911.1148624279278,No support,1548.3992006087894
164,54,3,1911.1148624279278,No support,1548.3992006087894
149,49,3,1911.1148624279278,No support,1548.3992006087894
167,55,3,1911.1148624279278,No support,1548.3992006087894
146,48,3,1911.1148624279278,No support,1548.3992006087894
161,53,3,1911.1148624279278,No support,1548.3992006087894
158,52,3,1911.1148624279278,No support,1548.3992006087894
143,47,3,1916.1401224787717,No support,1553.4244606596333
140,46,3,1917.3058589566608,No support,1554.5901971375224
125,41,3,1919.2707024182882,No support,1556.5550405991498
131,43,3,1919.2707024182882,No support,1556.5550405991498
122,40,3,1919.2707024182882,No support,1556.5550405991498
128,42,3,1919.2707024182882,No support,1556.5550405991498
113,37,3,1919.2707024182882,No support,1556.5550405991498
116,38,3,1919.2707024182882,No support,1556.5550405991498
134,44,3,1919.2707024182882,No support,1556.5550405991498
137,45,3,1919.2707024182882,No support,1556.5550405991498
119,39,3,1919.2707024182882,No support,1556.5550405991498
110,36,3,1922.3091402929745,No support,1559.593478473836
107,35,3,1927.8236670267684,No support,1565.10800520763
104,34,3,1928.159656611899,No support,1565.4439947927606
101,33,3,1928.4548528698374,No support,1565.739191050699
0,0,1,1931.9491903063506,No support,1569.2335284872122
98,32,3,1933.8379554952432,No support,1571.1222936761048
95,31,3,1942.458055131345,No support,1579.7423933122066
92,30,3,1943.1626799555047,No support,1580.4470181363663
86,28,3,1943.1626799555047,No support,1580.4470181363663
68,22,3,1943.1626799555047,No support,1580.4470181363663
71,23,3,1943.1626799555047,No support,1580.4470181363663
74,24,3,1943.1626799555047,No support,1580.4470181363663
77,25,3,1943.1626799555047,No support,1580.4470181363663
89,29,3,1943.1626799555047,No support,1580.4470181363663
83,27,3,1943.1626799555047,No support,1580.4470181363663
80,26,3,1943.1626799555047,No support,1580.4470181363663
65,21,3,1948.9580579798437,No support,1586.2423961607053
62,20,3,1950.5343686137167,No support,1587.8187067945782
59,19,3,1951.5244501641819,No support,1588.8087883450435
56,18,3,1965.661006733541,No support,1602.9453449144025
35,11,3,1972.344159852264,No support,1609.6284980331257
38,12,3,1972.344159852264,No support,1609.6284980331257
53,17,3,1972.344159852264,No support,1609.6284980331257
41,13,3,1972.344159852264,No support,1609.6284980331257
44,14,3,1972.344159852264,No support,1609.6284980331257
32,10,3,1972.344159852264,No support,1609.6284980331257
47,15,3,1972.344159852264,No support,1609.6284980331257
50,16,3,1972.344159852264,No support,1609.6284980331257
29,9,3,1978.8154291868489,No support,1616.0997673677105
11,3,3,1982.347245774508,No support,1619.6315839553697
14,4,3,1982.347245774508,No support,1619.6315839553697
20,6,3,1982.347245774508,No support,1619.6315839553697
8,2,3,1982.347245774508,No support,1619.6315839553697
23,7,3,1982.347245774508,No support,1619.6315839553697
5,1,3,1982.347245774508,No support,1619.6315839553697
17,5,3,1982.347245774508,No support,1619.6315839553697
2,0,3,1982.347245774508,No support,1619.6315839553697
26,8,3,1982.347245774508,No support,1619.6315839553697
